<?xml version="1.0" encoding="UTF-8"?>

<!-- 
 * i18n-l10n.xml
 *
 * Copyright (C) 2017 Universidad de Sevilla
 * 
 * The use of this project is hereby constrained to the conditions of the 
 * TDG Licence, a copy of which you may download from 
 * http://www.tdg-seville.info/License.html
 -->

<beans xmlns="http://www.springframework.org/schema/beans"
	xmlns:xsi="http://www.w3.org/2001/XMLSchema-instance" xmlns:util="http://www.springframework.org/schema/util"
	xsi:schemaLocation="
		http://www.springframework.org/schema/beans http://www.springframework.org/schema/beans/spring-beans-4.0.xsd
		http://www.springframework.org/schema/util http://www.springframework.org/schema/util/spring-util-4.0.xsd 
	">

	<util:list id="messages">
		<value>/views/master-page/messages</value>
		<value>/views/misc/messages</value>
		<value>/views/security/messages</value>		
		<value>/views/welcome/messages</value>
	
		<value>/views/profile/messages</value>
		
		<value>/views/trip/messages</value>
		<value>/views/applicationFor/messages</value>
		<value>/views/ranger/messages</value>
		<value>/views/explorer/messages</value>
		<value>/views/sponsorship/messages</value>
		<value>/views/survivalClass/messages</value>
		<value>/views/note/messages</value>
		<value>/views/category/messages</value>
		<value>/views/auditRecord/messages</value>
		<value>/views/sponsor/messages</value>
		<value>/views/auditor/messages</value>
		<value>/views/manager/messages</value>
		<value>/views/contactsEmergency/messages</value>
		<value>/views/story/messages</value>
		<value>/views/message/messages</value>
		<value>/views/messageFolder/messages</value>
		<value>/views/curricula/messages</value>
		<value>/views/miscellaneousRecord/messages</value>
		<value>/views/endorserRecord/messages</value>
		<value>/views/professionalRecord/messages</value>
		<value>/views/educationRecord/messages</value>
		<value>/views/personalRecord/messages</value>
		<value>/views/stage/messages</value>
		<value>/views/legalText/messages</value>
		<value>/views/administrator/messages</value>
		<value>/views/configurationSystem/messages</value>
		<value>/views/tag/messages</value>
		<value>/views/finder/messages</value>
		<value>/views/value/messages</value>
		
		
	</util:list>

</beans>